config_id,parser_time_s,parser_mem_mb,total_paths,total_table_executions,total_table_time_s,deparser_time_s,total_time_s,success_rate,complexity_sort_col
synth_p3_i2_e1_par,0.14419293403625488,0.0,4,4.0,0.6997160911560059,0.19219970703125,0.7049667835235596,1.0,3
synth_p4_i3_e1_par,0.12215352058410645,0.0,8,12.0,2.635300636291504,0.2961084842681885,1.074307918548584,1.0,4
synth_p5_i4_e2_par,0.14243626594543457,0.0,16,32.0,14.044958353042603,0.7045383453369141,2.405931234359741,1.0,5
synth_p6_i5_e2_par,0.14177322387695312,0.0,32,80.0,36.09440040588379,1.3519773483276367,4.879108667373657,1.0,6
synth_p7_i6_e3_par,0.15286803245544434,0.0,64,192.0,91.49307513237,3.3576200008392334,11.644282102584839,1.0,7
synth_p8_i7_e3_par,0.14264798164367676,0.0,128,448.0,223.340434551239,8.073227167129517,27.782551288604736,1.0,8
synth_p9_i8_e4_par,0.15063786506652832,0.0,256,1024.0,544.56396317482,19.715067386627197,66.84309720993042,1.0,9
synth_p10_i9_e4_par,0.13788366317749023,0.0,512,2304.0,1206.9827165603638,45.81165528297424,149.77446961402893,1.0,10
synth_p11_i10_e5_par,0.1341533660888672,0.0,1024,5120.0,2695.4763753414154,106.2530562877655,337.577730178833,1.0,11
