config_id,run_number,parser_time_s,parser_mem_mb,parser_states_out,total_paths,paths_explored,total_table_executions,total_table_time_s,avg_table_time_s,max_table_mem_mb,deparser_time_s,deparser_mem_mb,total_time_s,success,error
synth_p3_i2_e1_par,1,0.14419293403625488,0.0,4,4,4,4,0.6997160911560059,0.17492902278900146,0.0,0.19219970703125,0.0,0.7049667835235596,True,
synth_p4_i3_e1_par,1,0.12215352058410645,0.0,7,8,8,12,2.635300636291504,0.21960838635762533,0.0,0.2961084842681885,0.0,1.074307918548584,True,
synth_p5_i4_e2_par,1,0.14243626594543457,0.0,10,16,16,32,14.044958353042603,0.43890494853258133,0.0,0.7045383453369141,0.0,2.405931234359741,True,
synth_p6_i5_e2_par,1,0.14177322387695312,0.0,13,32,32,80,36.09440040588379,0.4511800050735474,0.0,1.3519773483276367,0.0,4.879108667373657,True,
synth_p7_i6_e3_par,1,0.15286803245544434,0.0,16,64,64,192,91.49307513237,0.4765264329810937,0.0,3.3576200008392334,0.0,11.644282102584839,True,
synth_p8_i7_e3_par,1,0.14264798164367676,0.0,19,128,128,448,223.340434551239,0.49852775569472996,0.0,8.073227167129517,0.0,27.782551288604736,True,
synth_p9_i8_e4_par,1,0.15063786506652832,0.0,22,256,256,1024,544.56396317482,0.5318007452879101,0.0,19.715067386627197,0.0,66.84309720993042,True,
synth_p10_i9_e4_par,1,0.13788366317749023,0.0,25,512,512,2304,1206.9827165603638,0.5238640262848802,0.0,45.81165528297424,0.0,149.77446961402893,True,
synth_p11_i10_e5_par,1,0.1341533660888672,0.0,28,1024,1024,5120,2695.4763753414154,0.5264602295588702,0.0,106.2530562877655,0.0,337.577730178833,True,
