config_id,parser_time_s,parser_mem_mb,total_paths,total_table_executions,total_table_time_s,deparser_time_s,total_time_s,success_rate,complexity_sort_col
synth_p8_i10_e1_par,0.12181282043457031,0.0,1024,5120.0,65.73953199386597,0.18683910369873047,20.10309910774231,1.0,8
synth_p8_i12_e1_par,0.11257266998291016,0.0,4096,24576.0,296.31243991851807,0.21751141548156738,89.30399942398071,1.0,8
synth_p8_i15_e1_par,0.11926150321960449,0.0,32768,245760.0,2888.481775999069,0.6077141761779785,837.6854727268219,1.0,8
synth_p8_i8_e1_par,0.1492173671722412,0.0,256,1024.0,66.26875829696655,0.17296242713928223,9.326988458633423,1.0,8
