config_id,run_number,parser_time_s,parser_mem_mb,parser_states_out,total_paths,paths_explored,total_table_executions,total_table_time_s,avg_table_time_s,max_table_mem_mb,deparser_time_s,deparser_mem_mb,total_time_s,success,error
synth_p8_i8_e1_par,1,0.1492173671722412,0.0,19,256,256,1024,66.26875829696655,0.0647155842743814,0.0,0.17296242713928223,0.0,9.326988458633423,True,
synth_p8_i10_e1_par,1,0.12181282043457031,0.0,19,1024,1024,5120,65.73953199386597,0.012839752342551946,0.0,0.18683910369873047,0.0,20.10309910774231,True,
synth_p8_i12_e1_par,1,0.11257266998291016,0.0,19,4096,4096,24576,296.31243991851807,0.012056984046163658,0.0,0.21751141548156738,0.0,89.30399942398071,True,
synth_p8_i15_e1_par,1,0.11926150321960449,0.0,19,32768,32768,245760,2888.481775999069,0.011753262434892046,0.0,0.6077141761779785,0.0,837.6854727268219,True,
