config_id,parser_time_s,parser_mem_mb,total_paths,total_table_executions,total_table_time_s,deparser_time_s,total_time_s,success_rate,complexity_sort_col
synth_p8_i10_e2_par,0.11335163116455078,0.0,1024,5120.0,1785.190875339508,53.20108966827392,207.05629987716674,1.0,8
synth_p8_i12_e2_par,0.12442331314086914,0.0,4096,24576.0,9562.09775762558,227.20359840393067,1044.833602285385,1.0,8
synth_p8_i2_e1_par,0.11631574630737304,0.0,4,4.0,0.7152332305908203,0.30232648849487304,0.8000793933868409,1.0,8
synth_p8_i4_e1_par,0.10862212181091309,0.0,16,32.0,10.595720720291137,0.9279311180114747,2.2812755584716795,1.0,8
synth_p8_i6_e2_par,0.11388821601867676,0.0,64,192.0,67.05347819328308,3.432844352722168,9.605423831939698,1.0,8
synth_p8_i8_e2_par,0.1135685920715332,0.0,256,1024.0,354.38375744819643,13.255797529220581,44.275844192504884,1.0,8
